{
  "CP-R04 - Consultar anuncios" : {
    "transaction" : "CP-R04 - Consultar anuncios",
    "sampleCount" : 20,
    "errorCount" : 0,
    "errorPct" : 0.0,
    "meanResTime" : 28.800000000000004,
    "medianResTime" : 16.0,
    "minResTime" : 10.0,
    "maxResTime" : 236.0,
    "pct1ResTime" : 30.800000000000004,
    "pct2ResTime" : 225.74999999999986,
    "pct3ResTime" : 236.0,
    "throughput" : 0.7039031429275332,
    "receivedKBytesPerSec" : 1.2160201756238342,
    "sentKBytesPerSec" : 0.13198183929891247
  },
  "Total" : {
    "transaction" : "Total",
    "sampleCount" : 80,
    "errorCount" : 0,
    "errorPct" : 0.0,
    "meanResTime" : 22.89999999999999,
    "medianResTime" : 13.0,
    "minResTime" : 4.0,
    "maxResTime" : 236.0,
    "pct1ResTime" : 28.900000000000006,
    "pct2ResTime" : 84.35000000000004,
    "pct3ResTime" : 236.0,
    "throughput" : 2.6292437637624477,
    "receivedKBytesPerSec" : 2.518194161435567,
    "sentKBytesPerSec" : 0.4878479639793604
  },
  "CP-R01 - Health API Gateway" : {
    "transaction" : "CP-R01 - Health API Gateway",
    "sampleCount" : 20,
    "errorCount" : 0,
    "errorPct" : 0.0,
    "meanResTime" : 16.750000000000004,
    "medianResTime" : 8.0,
    "minResTime" : 4.0,
    "maxResTime" : 85.0,
    "pct1ResTime" : 67.3000000000001,
    "pct2ResTime" : 84.35,
    "pct3ResTime" : 85.0,
    "throughput" : 0.6927846478922026,
    "receivedKBytesPerSec" : 0.5209415809345664,
    "sentKBytesPerSec" : 0.12245509889500848
  },
  "CP-R03 - Consultar rutas de transporte" : {
    "transaction" : "CP-R03 - Consultar rutas de transporte",
    "sampleCount" : 20,
    "errorCount" : 0,
    "errorPct" : 0.0,
    "meanResTime" : 22.5,
    "medianResTime" : 10.5,
    "minResTime" : 6.0,
    "maxResTime" : 211.0,
    "pct1ResTime" : 27.300000000000015,
    "pct2ResTime" : 201.84999999999988,
    "pct3ResTime" : 211.0,
    "throughput" : 0.6989829797644428,
    "receivedKBytesPerSec" : 0.4723595917939398,
    "sentKBytesPerSec" : 0.13310711040436166
  },
  "CP-R02 - Consultar libros" : {
    "transaction" : "CP-R02 - Consultar libros",
    "sampleCount" : 20,
    "errorCount" : 0,
    "errorPct" : 0.0,
    "meanResTime" : 23.549999999999997,
    "medianResTime" : 14.0,
    "minResTime" : 7.0,
    "maxResTime" : 203.0,
    "pct1ResTime" : 24.900000000000002,
    "pct2ResTime" : 194.09999999999988,
    "pct3ResTime" : 203.0,
    "throughput" : 0.6944685579360395,
    "receivedKBytesPerSec" : 0.4693088301677142,
    "sentKBytesPerSec" : 0.1302128546130074
  }
}